{
  "providers": {
    "google_drive": {
      "enabled": false,
      "credentials": {},
      "folder_id": null
    },
    "dropbox": {
      "enabled": true,
      "access_token": "sl.test_token_123456789",
      "folder_path": "/ORACXPRED"
    },
    "ftp": {
      "enabled": false,
      "host": null,
      "username": null,
      "password": null,
      "folder": "/oracxpred"
    }
  },
  "auto_sync": {
    "enabled": false,
    "interval_hours": 12,
    "sync_on_startup": true
  }
}